[ {
  "name" : "p1",
  "stocks" : [ {
    "ticker" : "AAPL",
    "date" : "2022-10-21",
    "qty" : 10.0,
    "costBasis" : 1474.7
  }, {
    "ticker" : "TSLA",
    "date" : "2022-10-25",
    "qty" : 13.0,
    "costBasis" : 2893.795
  }, {
    "ticker" : "MSFT",
    "date" : "2022-11-10",
    "qty" : 0.8214667873899086,
    "costBasis" : 200.26666666666665
  }, {
    "ticker" : "TSLA",
    "date" : "2022-11-10",
    "qty" : 1.0465604026845636,
    "costBasis" : 200.26666666666662
  }, {
    "ticker" : "AMZN",
    "date" : "2022-11-10",
    "qty" : 6.196833281589568,
    "costBasis" : 599.4666666666666
  } ]
} ]