<?xml version="1.0" encoding="UTF-8" standalone="no"?><portfolios><portfolio name="portfolio_1"><stocks parameter="ticker">AAPL</stocks><stocks parameter="quantity">100</stocks></portfolio><portfolio name="portfolio_1"><stocks parameter="ticker">AAPL</stocks><stocks parameter="quantity">50</stocks><stocks parameter="ticker">TSLA</stocks><stocks parameter="quantity">100</stocks><stocks parameter="ticker">AMZN</stocks><stocks parameter="quantity">30</stocks></portfolio><portfolio name="portfolio_2"><stocks parameter="ticker">MSFT</stocks><stocks parameter="quantity">50</stocks><stocks parameter="ticker">GOOGL</stocks><stocks parameter="quantity">100</stocks></portfolio></portfolios>