<?xml version="1.0" encoding="UTF-8" standalone="no"?><portfolios>
        
    <portfolio name="p1">
                
        <stocks parameter="ticker">GOOGL</stocks>
                
        <stocks parameter="quantity">30</stocks>
                
        <stocks parameter="ticker">AAPL</stocks>
                
        <stocks parameter="quantity">20</stocks>
            
    </portfolio>
    
    <portfolio name="p2">
        <stocks parameter="ticker">TSLA</stocks>
        <stocks parameter="quantity">100</stocks>
    </portfolio>
<portfolio name="p1"><stocks parameter="ticker">AAPL</stocks><stocks parameter="quantity">2</stocks></portfolio><portfolio name="p3"><stocks parameter="ticker">AAPL</stocks><stocks parameter="quantity">1</stocks></portfolio><portfolio name="p1"><stocks parameter="ticker">AAPL</stocks><stocks parameter="quantity">1</stocks></portfolio><portfolio name="p4"/><portfolio name="p4"><stocks parameter="ticker">AAPL</stocks><stocks parameter="quantity">7000</stocks></portfolio><portfolio name="test"><stocks parameter="ticker">GOOGL</stocks><stocks parameter="quantity">2</stocks><stocks parameter="ticker">AAPL</stocks><stocks parameter="quantity">12</stocks></portfolio></portfolios>